date,count
2021-09-29T18:00:00.000Z,3
2021-09-29T20:00:00.000Z,1
2021-09-30T00:00:00.000Z,1
2021-09-30T01:00:00.000Z,5
2021-09-30T02:00:00.000Z,5
2021-09-30T22:00:00.000Z,1
2021-09-30T23:00:00.000Z,4
2021-10-01T00:00:00.000Z,1
2021-10-02T03:00:00.000Z,1
2021-10-02T13:00:00.000Z,1
2021-10-02T19:00:00.000Z,5
2021-10-02T20:00:00.000Z,3
2021-10-03T17:00:00.000Z,12
2021-10-03T19:00:00.000Z,1
2021-10-03T20:00:00.000Z,1
2021-10-03T21:00:00.000Z,7
2021-10-03T22:00:00.000Z,2
2021-10-03T23:00:00.000Z,1
2021-10-04T00:00:00.000Z,3
2021-10-04T01:00:00.000Z,3
2021-10-04T02:00:00.000Z,1
2021-10-04T03:00:00.000Z,3
2021-10-04T19:00:00.000Z,1
2021-10-04T22:00:00.000Z,2
2021-10-05T00:00:00.000Z,1
2021-10-05T01:00:00.000Z,2
2021-10-05T04:00:00.000Z,2
2021-10-05T19:00:00.000Z,1
2021-10-05T21:00:00.000Z,1
2021-10-05T23:00:00.000Z,1
2021-10-06T00:00:00.000Z,6
2021-10-06T01:00:00.000Z,4
2021-10-06T04:00:00.000Z,1
2021-10-06T14:00:00.000Z,1
2021-10-06T17:00:00.000Z,3
2021-10-06T19:00:00.000Z,2
2021-10-06T20:00:00.000Z,4
2021-10-06T21:00:00.000Z,1
2021-10-06T23:00:00.000Z,1
2021-10-07T00:00:00.000Z,7
2021-10-07T01:00:00.000Z,1
2021-10-07T17:00:00.000Z,1
2021-10-07T18:00:00.000Z,1
2021-10-07T19:00:00.000Z,5
2021-10-07T20:00:00.000Z,6
2021-10-07T21:00:00.000Z,1
2021-10-07T22:00:00.000Z,1
2021-10-07T23:00:00.000Z,2
2021-10-08T01:00:00.000Z,11
2021-10-08T02:00:00.000Z,1
2021-10-08T15:00:00.000Z,1
2021-10-08T19:00:00.000Z,2
2021-10-08T20:00:00.000Z,3
2021-10-08T21:00:00.000Z,6
2021-10-08T22:00:00.000Z,2
2021-10-09T00:00:00.000Z,2
2021-10-09T01:00:00.000Z,1
2021-10-09T15:00:00.000Z,1
2021-10-09T16:00:00.000Z,4
2021-10-09T17:00:00.000Z,2
2021-10-09T18:00:00.000Z,5
2021-10-09T19:00:00.000Z,1
2021-10-09T21:00:00.000Z,2
2021-10-09T22:00:00.000Z,4
2021-10-09T23:00:00.000Z,3
2021-10-10T01:00:00.000Z,1
2021-10-10T14:00:00.000Z,1
2021-10-10T17:00:00.000Z,3
2021-10-10T20:00:00.000Z,10
2021-10-10T22:00:00.000Z,1
2021-10-10T23:00:00.000Z,2
2021-10-11T00:00:00.000Z,3
2021-10-11T01:00:00.000Z,1
2021-10-11T04:00:00.000Z,4
2021-10-11T16:00:00.000Z,2
2021-10-11T17:00:00.000Z,1
2021-10-11T18:00:00.000Z,2
2021-10-11T20:00:00.000Z,17
2021-10-11T21:00:00.000Z,2
2021-10-11T23:00:00.000Z,2
2021-10-12T00:00:00.000Z,7
2021-10-12T01:00:00.000Z,2
2021-10-12T20:00:00.000Z,3
2021-10-12T21:00:00.000Z,1
2021-10-12T22:00:00.000Z,1
2021-10-12T23:00:00.000Z,3
2021-10-13T00:00:00.000Z,6
2021-10-13T01:00:00.000Z,7
2021-10-13T02:00:00.000Z,1
2021-10-13T03:00:00.000Z,1
2021-10-14T23:00:00.000Z,7
2021-10-15T16:00:00.000Z,2
2021-10-15T22:00:00.000Z,2
2021-10-15T23:00:00.000Z,1
2021-10-16T16:00:00.000Z,2
2021-10-16T17:00:00.000Z,3
2021-10-16T19:00:00.000Z,1
2021-10-16T20:00:00.000Z,2
2021-10-16T22:00:00.000Z,3
2021-10-16T23:00:00.000Z,1
2021-10-17T12:00:00.000Z,1
2021-10-17T13:00:00.000Z,1
2021-10-17T14:00:00.000Z,1
2021-10-17T16:00:00.000Z,2
2021-10-17T17:00:00.000Z,3
2021-10-17T18:00:00.000Z,4
2021-10-17T19:00:00.000Z,6
2021-10-17T20:00:00.000Z,5
2021-10-17T21:00:00.000Z,7
2021-10-17T22:00:00.000Z,3
2021-10-17T23:00:00.000Z,2
2021-10-18T00:00:00.000Z,2
2021-10-18T01:00:00.000Z,2
2021-10-18T04:00:00.000Z,1
2021-10-18T05:00:00.000Z,2
2021-10-18T17:00:00.000Z,1
2021-10-18T20:00:00.000Z,2
2021-10-18T22:00:00.000Z,2
2021-10-19T00:00:00.000Z,5
2021-10-19T01:00:00.000Z,4
2021-10-19T15:00:00.000Z,1
2021-10-19T16:00:00.000Z,5
2021-10-19T17:00:00.000Z,5
2021-10-19T22:00:00.000Z,1
2021-10-19T23:00:00.000Z,2
2021-10-20T00:00:00.000Z,6
2021-10-20T01:00:00.000Z,5
2021-10-20T14:00:00.000Z,1
2021-10-20T15:00:00.000Z,1
2021-10-20T20:00:00.000Z,5
2021-10-20T22:00:00.000Z,2
2021-10-20T23:00:00.000Z,2
2021-10-21T00:00:00.000Z,5
2021-10-21T19:00:00.000Z,3
2021-10-21T20:00:00.000Z,4
2021-10-21T23:00:00.000Z,2
2021-10-22T00:00:00.000Z,1
2021-10-22T19:00:00.000Z,1
2021-10-22T20:00:00.000Z,3
2021-10-22T21:00:00.000Z,1
2021-10-22T22:00:00.000Z,1
2021-10-23T01:00:00.000Z,1
2021-10-23T02:00:00.000Z,1
2021-10-23T15:00:00.000Z,1
2021-10-23T17:00:00.000Z,1
2021-10-23T18:00:00.000Z,1
2021-10-23T19:00:00.000Z,4
2021-10-23T20:00:00.000Z,2
2021-10-23T22:00:00.000Z,18
2021-10-23T23:00:00.000Z,1
2021-10-24T01:00:00.000Z,1
2021-10-26T21:00:00.000Z,1
2021-10-27T01:00:00.000Z,1
2021-10-30T19:00:00.000Z,1
2021-10-30T20:00:00.000Z,2
2021-10-30T22:00:00.000Z,1
2021-10-30T23:00:00.000Z,5
2021-10-31T18:00:00.000Z,4
2021-10-31T20:00:00.000Z,3
2021-11-01T03:00:00.000Z,2
2021-11-01T20:00:00.000Z,1
2021-11-01T23:00:00.000Z,1
2021-11-02T00:00:00.000Z,7
2021-11-02T02:00:00.000Z,1
2021-11-02T03:00:00.000Z,2
2021-11-02T19:00:00.000Z,2
2021-11-02T21:00:00.000Z,2
2021-11-02T23:00:00.000Z,2
2021-11-03T01:00:00.000Z,2
2021-11-03T16:00:00.000Z,1
2021-11-03T19:00:00.000Z,2
2021-11-03T20:00:00.000Z,1
2021-11-03T21:00:00.000Z,6
2021-11-03T22:00:00.000Z,2
2021-11-03T23:00:00.000Z,1
2021-11-04T20:00:00.000Z,5
2021-11-04T21:00:00.000Z,3
2021-11-04T22:00:00.000Z,2
2021-11-04T23:00:00.000Z,3
2021-11-05T00:00:00.000Z,4
2021-11-05T01:00:00.000Z,3
2021-11-05T03:00:00.000Z,1
2021-11-05T18:00:00.000Z,2
2021-11-05T19:00:00.000Z,1
2021-11-05T20:00:00.000Z,1
2021-11-05T22:00:00.000Z,1
2021-11-05T23:00:00.000Z,2
2021-11-06T00:00:00.000Z,1
2021-11-06T01:00:00.000Z,2
2021-11-06T05:00:00.000Z,1
2021-11-06T15:00:00.000Z,1
2021-11-06T16:00:00.000Z,1
2021-11-06T17:00:00.000Z,2
2021-11-06T19:00:00.000Z,2
2021-11-06T20:00:00.000Z,2
2021-11-06T22:00:00.000Z,6
2021-11-06T23:00:00.000Z,1
2021-11-07T00:00:00.000Z,9
2021-11-07T04:00:00.000Z,1
2021-11-07T15:00:00.000Z,1
2021-11-07T16:00:00.000Z,2
2021-11-07T17:00:00.000Z,4
2021-11-07T19:00:00.000Z,3
2021-11-07T20:00:00.000Z,9
2021-11-07T21:00:00.000Z,3
2021-11-07T22:00:00.000Z,1
2021-11-07T23:00:00.000Z,3
2021-11-08T00:00:00.000Z,1
2021-11-08T17:00:00.000Z,1
2021-11-08T19:00:00.000Z,1
2021-11-08T22:00:00.000Z,2
2021-11-09T00:00:00.000Z,8
2021-11-09T01:00:00.000Z,3
2021-11-09T05:00:00.000Z,3
2021-11-09T15:00:00.000Z,2
2021-11-09T17:00:00.000Z,1
2021-11-09T18:00:00.000Z,13
2021-11-09T19:00:00.000Z,1
2021-11-09T20:00:00.000Z,2
2021-11-09T21:00:00.000Z,1
2021-11-09T23:00:00.000Z,4
2021-11-10T00:00:00.000Z,3
2021-11-10T19:00:00.000Z,2
2021-11-11T21:00:00.000Z,1
2021-11-12T02:00:00.000Z,5
2021-11-12T21:00:00.000Z,1
2021-11-13T19:00:00.000Z,2
2021-11-13T20:00:00.000Z,1
2021-11-13T21:00:00.000Z,2
2021-11-13T22:00:00.000Z,1
2021-11-13T23:00:00.000Z,1
2021-11-14T19:00:00.000Z,1
2021-11-14T20:00:00.000Z,2
2021-11-14T21:00:00.000Z,1
2021-11-14T23:00:00.000Z,4
2021-11-15T00:00:00.000Z,1
2021-11-15T03:00:00.000Z,2
2021-11-15T19:00:00.000Z,3
2021-11-15T21:00:00.000Z,1
2021-11-15T22:00:00.000Z,5
2021-11-15T23:00:00.000Z,1
2021-11-16T00:00:00.000Z,2
2021-11-16T04:00:00.000Z,3
2021-11-16T18:00:00.000Z,2
2021-11-16T19:00:00.000Z,2
2021-11-16T20:00:00.000Z,3
2021-11-16T21:00:00.000Z,7
2021-11-16T22:00:00.000Z,3
2021-11-16T23:00:00.000Z,4
2021-11-17T00:00:00.000Z,12
2021-11-17T01:00:00.000Z,5
2021-11-17T02:00:00.000Z,2
2021-11-17T04:00:00.000Z,1
2021-11-17T23:00:00.000Z,1
2021-11-18T00:00:00.000Z,2
2021-11-18T02:00:00.000Z,3
2021-11-18T21:00:00.000Z,5
2021-11-18T23:00:00.000Z,8
2021-11-19T00:00:00.000Z,2
2021-11-19T17:00:00.000Z,1
2021-11-19T23:00:00.000Z,3
2021-11-20T14:00:00.000Z,2
2021-11-20T19:00:00.000Z,2
2021-11-20T20:00:00.000Z,1
2021-11-20T22:00:00.000Z,2
2021-11-20T23:00:00.000Z,6
2021-11-21T00:00:00.000Z,1
2021-11-21T04:00:00.000Z,3
2021-11-21T16:00:00.000Z,1
2021-11-21T20:00:00.000Z,2
2021-11-21T21:00:00.000Z,2
2021-11-21T22:00:00.000Z,4
2021-11-21T23:00:00.000Z,1
2021-11-22T00:00:00.000Z,2
2021-11-22T21:00:00.000Z,1
2021-11-22T22:00:00.000Z,1
2021-11-22T23:00:00.000Z,1
2021-11-23T00:00:00.000Z,1
2021-11-23T02:00:00.000Z,3
2021-11-23T20:00:00.000Z,5
2021-11-23T21:00:00.000Z,1
2021-11-23T22:00:00.000Z,1
2021-11-23T23:00:00.000Z,8
2021-11-24T00:00:00.000Z,3
2021-11-24T01:00:00.000Z,1
2021-11-24T20:00:00.000Z,1
2021-11-24T22:00:00.000Z,1
2021-11-24T23:00:00.000Z,1
2021-11-25T00:00:00.000Z,1
2021-11-25T16:00:00.000Z,1
2021-11-25T17:00:00.000Z,1
2021-11-25T18:00:00.000Z,1
2021-11-25T19:00:00.000Z,2
2021-11-25T20:00:00.000Z,2
2021-11-25T22:00:00.000Z,1
2021-11-26T20:00:00.000Z,13
2021-11-26T21:00:00.000Z,3
2021-11-26T22:00:00.000Z,5
2021-11-27T01:00:00.000Z,1
2021-11-27T02:00:00.000Z,1
2021-11-27T16:00:00.000Z,1
2021-11-27T18:00:00.000Z,10
2021-11-27T19:00:00.000Z,13
2021-11-27T20:00:00.000Z,3
2021-11-27T21:00:00.000Z,1
2021-11-27T22:00:00.000Z,2
2021-11-28T00:00:00.000Z,1
2021-11-28T01:00:00.000Z,3
2021-11-28T20:00:00.000Z,3
2021-11-28T21:00:00.000Z,4
2021-11-28T22:00:00.000Z,4
2021-11-28T23:00:00.000Z,7
2021-11-29T18:00:00.000Z,1
2021-11-29T21:00:00.000Z,3
2021-11-29T22:00:00.000Z,3
2021-11-29T23:00:00.000Z,4
2021-11-30T00:00:00.000Z,3
2021-11-30T01:00:00.000Z,1
2021-11-30T02:00:00.000Z,1
2021-11-30T04:00:00.000Z,2
2021-11-30T19:00:00.000Z,1
2021-11-30T21:00:00.000Z,1
2021-11-30T22:00:00.000Z,1
2021-11-30T23:00:00.000Z,2
2021-12-01T00:00:00.000Z,1
2021-12-01T03:00:00.000Z,4
2021-12-01T15:00:00.000Z,2
2021-12-01T21:00:00.000Z,2
2021-12-01T22:00:00.000Z,2
2021-12-01T23:00:00.000Z,1
2021-12-02T00:00:00.000Z,3
2021-12-02T19:00:00.000Z,3
2021-12-02T21:00:00.000Z,2
2021-12-02T23:00:00.000Z,5
2021-12-03T00:00:00.000Z,2
2021-12-03T01:00:00.000Z,1
2021-12-03T06:00:00.000Z,1
2021-12-03T20:00:00.000Z,1
2021-12-03T21:00:00.000Z,2
2021-12-03T22:00:00.000Z,3
2021-12-03T23:00:00.000Z,4
2021-12-04T15:00:00.000Z,2
2021-12-04T16:00:00.000Z,1
2021-12-04T17:00:00.000Z,3
2021-12-04T20:00:00.000Z,2
2021-12-04T21:00:00.000Z,7
2021-12-04T22:00:00.000Z,10
2021-12-04T23:00:00.000Z,3
2021-12-05T17:00:00.000Z,1
2021-12-05T18:00:00.000Z,12
2021-12-05T20:00:00.000Z,1
2021-12-05T21:00:00.000Z,2
2021-12-05T22:00:00.000Z,2
2021-12-06T00:00:00.000Z,1
2021-12-06T04:00:00.000Z,3
2021-12-07T00:00:00.000Z,1
2021-12-07T20:00:00.000Z,3
2021-12-08T00:00:00.000Z,1
2021-12-08T20:00:00.000Z,4
2021-12-08T23:00:00.000Z,1
2021-12-09T00:00:00.000Z,1
2021-12-09T06:00:00.000Z,1
2021-12-09T20:00:00.000Z,2
2021-12-09T21:00:00.000Z,2
2021-12-09T22:00:00.000Z,2
2021-12-09T23:00:00.000Z,6
2021-12-10T00:00:00.000Z,7
2021-12-10T03:00:00.000Z,2
2021-12-10T05:00:00.000Z,1
2021-12-10T21:00:00.000Z,1
2021-12-12T01:00:00.000Z,1
2021-12-13T21:00:00.000Z,1
2021-12-14T15:00:00.000Z,1
2021-12-14T22:00:00.000Z,1
2021-12-14T23:00:00.000Z,1
2021-12-15T16:00:00.000Z,2
2021-12-15T18:00:00.000Z,1
2021-12-15T19:00:00.000Z,1
2021-12-15T20:00:00.000Z,1
2021-12-15T21:00:00.000Z,2
2021-12-17T04:00:00.000Z,1
2021-12-19T22:00:00.000Z,3
2021-12-19T23:00:00.000Z,1
2021-12-20T20:00:00.000Z,1
2021-12-21T01:00:00.000Z,1
2021-12-21T20:00:00.000Z,2
2021-12-21T22:00:00.000Z,1
2021-12-21T23:00:00.000Z,1
2021-12-22T23:00:00.000Z,8
2021-12-23T01:00:00.000Z,1
2021-12-23T18:00:00.000Z,1
2021-12-23T21:00:00.000Z,1
2021-12-23T22:00:00.000Z,7
2021-12-23T23:00:00.000Z,3
2021-12-24T00:00:00.000Z,3
2021-12-24T18:00:00.000Z,2
2021-12-24T19:00:00.000Z,3
2021-12-24T20:00:00.000Z,2
2021-12-24T21:00:00.000Z,3
2021-12-24T22:00:00.000Z,7
2021-12-25T00:00:00.000Z,2
2021-12-25T16:00:00.000Z,1
2021-12-25T21:00:00.000Z,1
2021-12-25T22:00:00.000Z,1
2021-12-26T16:00:00.000Z,1
2021-12-26T21:00:00.000Z,1
2021-12-26T23:00:00.000Z,6
2021-12-27T00:00:00.000Z,1
2021-12-27T02:00:00.000Z,1
2021-12-27T23:00:00.000Z,1
2021-12-28T00:00:00.000Z,1
2021-12-28T20:00:00.000Z,3
2021-12-28T22:00:00.000Z,1
2021-12-29T04:00:00.000Z,2
2021-12-29T06:00:00.000Z,2
2021-12-29T19:00:00.000Z,4
2021-12-29T21:00:00.000Z,2
2021-12-29T22:00:00.000Z,3
2021-12-30T01:00:00.000Z,6
2021-12-30T21:00:00.000Z,1
2021-12-30T22:00:00.000Z,7
2021-12-30T23:00:00.000Z,5
2021-12-31T21:00:00.000Z,3
2022-01-01T04:00:00.000Z,2
2022-01-03T20:00:00.000Z,1
2022-01-03T21:00:00.000Z,1
2022-01-08T21:00:00.000Z,2
2022-01-10T21:00:00.000Z,1
2022-01-11T18:00:00.000Z,1
2022-01-11T22:00:00.000Z,1
2022-01-13T21:00:00.000Z,2
2022-01-14T00:00:00.000Z,1
2022-01-14T16:00:00.000Z,2
2022-02-07T19:00:00.000Z,1
2022-02-07T20:00:00.000Z,2
2022-02-10T00:00:00.000Z,1
2022-02-20T20:00:00.000Z,2
2022-02-20T22:00:00.000Z,1
2022-02-20T23:00:00.000Z,1
2022-02-21T20:00:00.000Z,2
2022-02-25T23:00:00.000Z,2
2022-02-26T00:00:00.000Z,10
2022-02-26T23:00:00.000Z,1
2022-02-27T16:00:00.000Z,1
2022-02-27T21:00:00.000Z,2
2022-02-28T00:00:00.000Z,2
2022-02-28T01:00:00.000Z,2
2022-02-28T22:00:00.000Z,1
2022-02-28T23:00:00.000Z,3
2022-03-01T00:00:00.000Z,2
2022-03-01T01:00:00.000Z,2
2022-03-01T02:00:00.000Z,2
2022-03-01T19:00:00.000Z,3
2022-03-01T20:00:00.000Z,1
2022-03-01T22:00:00.000Z,2
2022-03-01T23:00:00.000Z,1
2022-03-02T00:00:00.000Z,2
2022-03-02T01:00:00.000Z,1
2022-03-02T02:00:00.000Z,1
2022-03-02T16:00:00.000Z,1
2022-03-02T19:00:00.000Z,1
2022-03-02T20:00:00.000Z,2
2022-03-02T21:00:00.000Z,1
2022-03-02T22:00:00.000Z,3
2022-03-02T23:00:00.000Z,4
2022-03-03T00:00:00.000Z,9
2022-03-03T01:00:00.000Z,3
2022-03-03T03:00:00.000Z,2
2022-03-03T14:00:00.000Z,5
2022-03-03T22:00:00.000Z,1
2022-03-03T23:00:00.000Z,5
2022-03-04T19:00:00.000Z,2
2022-03-04T21:00:00.000Z,2
2022-03-04T23:00:00.000Z,7
2022-03-05T00:00:00.000Z,5
2022-03-05T01:00:00.000Z,3
2022-03-13T23:00:00.000Z,7
2022-03-16T21:00:00.000Z,3
2022-03-17T00:00:00.000Z,1